{
  "tier_1_strength_power_bonus": 0.15,
  "tier_1_strength_haste_bonus": 0.1,
  "tier_1_spell_power_bonus": 0.15,
  "tier_1_spell_haste_bonus": 0.1,
  "tier_1_projectile_power_bonus": 0.15,
  "tier_1_projectile_haste_bonus": 0.1,
  "tier_1_max_health_bonus": 4.0,
  "tier_2_strength_power_bonus": 0.3,
  "tier_2_strength_haste_bonus": 0.2,
  "tier_2_spell_power_bonus": 0.3,
  "tier_2_spell_haste_bonus": 0.2,
  "tier_2_projectile_power_bonus": 0.3,
  "tier_2_projectile_haste_bonus": 0.2,
  "tier_2_max_health_bonus": 8.0,
  "tier_3_strength_power_bonus": 0.5,
  "tier_3_strength_haste_bonus": 0.3,
  "tier_3_spell_power_bonus": 0.5,
  "tier_3_spell_haste_bonus": 0.3,
  "tier_3_spell_critical_damage_bonus": 0.2,
  "tier_3_spell_critical_chance_bonus": 0.1,
  "tier_3_projectile_power_bonus": 0.5,
  "tier_3_projectile_haste_bonus": 0.3,
  "tier_3_knockback_power_bonus": 0.3,
  "tier_3_max_health_bonus": 12.0,
  "tier_3_generic_armor_bonus": 8.0
}