{
  "cache": {
    "rpg_series:tier_4_weapons": [
      "archers:aeternium_spear",
      "archers:crystal_shortbow",
      "archers:crystal_longbow",
      "paladins:aeternium_great_hammer",
      "paladins:aeternium_claymore",
      "paladins:aeternium_mace",
      "wizards:staff_crystal_arcane",
      "wizards:staff_smaragdant_frost"
    ],
    "rpg_series:tier_1_armors": [
      "archers:archer_armor_chest",
      "archers:archer_armor_feet",
      "archers:archer_armor_head",
      "archers:archer_armor_legs",
      "paladins:paladin_armor_chest",
      "paladins:paladin_armor_feet",
      "paladins:paladin_armor_head",
      "paladins:paladin_armor_legs",
      "paladins:priest_robe_chest",
      "paladins:priest_robe_feet",
      "paladins:priest_robe_head",
      "paladins:priest_robe_legs",
      "wizards:wizard_robe_chest",
      "wizards:wizard_robe_feet",
      "wizards:wizard_robe_head",
      "wizards:wizard_robe_legs"
    ],
    "rpg_series:tier_2_armors": [
      "archers:ranger_armor_chest",
      "archers:ranger_armor_feet",
      "archers:ranger_armor_head",
      "archers:ranger_armor_legs",
      "paladins:crusader_armor_chest",
      "paladins:crusader_armor_feet",
      "paladins:crusader_armor_head",
      "paladins:crusader_armor_legs",
      "paladins:prior_robe_chest",
      "paladins:prior_robe_feet",
      "paladins:prior_robe_head",
      "paladins:prior_robe_legs",
      "wizards:arcane_robe_chest",
      "wizards:arcane_robe_feet",
      "wizards:arcane_robe_head",
      "wizards:arcane_robe_legs",
      "wizards:fire_robe_chest",
      "wizards:fire_robe_feet",
      "wizards:fire_robe_head",
      "wizards:fire_robe_legs",
      "wizards:frost_robe_chest",
      "wizards:frost_robe_feet",
      "wizards:frost_robe_head",
      "wizards:frost_robe_legs"
    ],
    "rpg_series:tier_3_armors": [],
    "rpg_series:tier_0_accessories": [
      "jewelry:copper_ring",
      "jewelry:iron_ring",
      "jewelry:gold_ring"
    ],
    "rpg_series:tier_1_accessories": [
      "jewelry:emerald_necklace",
      "jewelry:diamond_necklace",
      "paladins:iron_kite_shield"
    ],
    "rpg_series:tier_3_weapons": [
      "archers:netherite_shortbow",
      "archers:netherite_longbow",
      "archers:netherite_rapid_crossbow",
      "archers:netherite_heavy_crossbow",
      "archers:netherite_spear",
      "paladins:netherite_mace",
      "paladins:netherite_great_hammer",
      "paladins:netherite_claymore",
      "paladins:netherite_holy_staff",
      "wizards:staff_netherite_arcane",
      "wizards:staff_netherite_fire",
      "wizards:staff_netherite_frost"
    ],
    "rpg_series:tier_2_accessories": [
      "jewelry:ruby_ring",
      "jewelry:topaz_ring",
      "jewelry:citrine_ring",
      "jewelry:jade_ring",
      "jewelry:sapphire_ring",
      "jewelry:tanzanite_ring",
      "jewelry:ruby_necklace",
      "jewelry:topaz_necklace",
      "jewelry:citrine_necklace",
      "jewelry:jade_necklace",
      "jewelry:sapphire_necklace",
      "jewelry:tanzanite_necklace",
      "paladins:diamond_kite_shield"
    ],
    "rpg_series:tier_3_accessories": [
      "jewelry:netherite_ruby_ring",
      "jewelry:netherite_topaz_ring",
      "jewelry:netherite_citrine_ring",
      "jewelry:netherite_jade_ring",
      "jewelry:netherite_sapphire_ring",
      "jewelry:netherite_tanzanite_ring",
      "jewelry:netherite_ruby_necklace",
      "jewelry:netherite_topaz_necklace",
      "jewelry:netherite_citrine_necklace",
      "jewelry:netherite_jade_necklace",
      "jewelry:netherite_sapphire_necklace",
      "jewelry:netherite_tanzanite_necklace",
      "paladins:netherite_kite_shield"
    ],
    "rpg_series:tier_1_weapons": [
      "minecraft:crossbow",
      "archers:composite_longbow",
      "archers:iron_spear",
      "paladins:iron_mace",
      "paladins:iron_great_hammer",
      "paladins:iron_claymore",
      "paladins:holy_staff",
      "wizards:staff_wizard"
    ],
    "rpg_series:golden_weapons": [
      "archers:golden_spear",
      "paladins:golden_claymore",
      "paladins:golden_great_hammer",
      "paladins:golden_mace",
      "paladins:golden_kite_shield"
    ],
    "rpg_series:tier_2_weapons": [
      "archers:mechanic_shortbow",
      "archers:royal_longbow",
      "archers:rapid_crossbow",
      "archers:heavy_crossbow",
      "archers:diamond_spear",
      "paladins:diamond_mace",
      "paladins:diamond_great_hammer",
      "paladins:diamond_claymore",
      "paladins:diamond_holy_staff",
      "wizards:staff_arcane",
      "wizards:staff_fire",
      "wizards:staff_frost"
    ],
    "rpg_series:tier_4_accessories": [
      "jewelry:unique_attack_ring",
      "jewelry:unique_attack_necklace",
      "jewelry:unique_dex_ring",
      "jewelry:unique_dex_necklace",
      "jewelry:unique_tank_ring",
      "jewelry:unique_tank_necklace",
      "jewelry:unique_archer_ring",
      "jewelry:unique_archer_necklace",
      "jewelry:unique_arcane_ring",
      "jewelry:unique_arcane_necklace",
      "jewelry:unique_fire_ring",
      "jewelry:unique_fire_necklace",
      "jewelry:unique_frost_ring",
      "jewelry:unique_frost_necklace",
      "jewelry:unique_healing_ring",
      "jewelry:unique_healing_necklace",
      "paladins:aeternium_kite_shield"
    ],
    "rpg_series:tier_0_weapons": [
      "minecraft:bow",
      "archers:flint_spear",
      "paladins:wooden_great_hammer",
      "paladins:stone_great_hammer",
      "paladins:stone_claymore",
      "paladins:acolyte_wand",
      "wizards:wand_novice"
    ]
  }
}