{
  "shields": {
    "paladins:netherite_kite_shield": {
      "durability": 1344,
      "attributes": [
        {
          "id": "minecraft:generic.armor_toughness",
          "value": 1.0,
          "operation": "ADDITION"
        },
        {
          "id": "generic.max_health",
          "value": 4.0,
          "operation": "ADDITION"
        }
      ]
    },
    "paladins:aeternium_kite_shield": {
      "durability": 1344,
      "attributes": [
        {
          "id": "minecraft:generic.armor_toughness",
          "value": 1.0,
          "operation": "ADDITION"
        },
        {
          "id": "generic.max_health",
          "value": 6.0,
          "operation": "ADDITION"
        }
      ]
    },
    "paladins:diamond_kite_shield": {
      "durability": 672,
      "attributes": [
        {
          "id": "minecraft:generic.armor_toughness",
          "value": 1.0,
          "operation": "ADDITION"
        },
        {
          "id": "generic.max_health",
          "value": 2.0,
          "operation": "ADDITION"
        }
      ]
    },
    "paladins:golden_kite_shield": {
      "durability": 168,
      "attributes": []
    },
    "paladins:iron_kite_shield": {
      "durability": 336,
      "attributes": [
        {
          "id": "minecraft:generic.armor_toughness",
          "value": 1.0,
          "operation": "ADDITION"
        },
        {
          "id": "generic.max_health",
          "value": 2.0,
          "operation": "ADDITION"
        }
      ]
    }
  }
}